{
    "1030712547969617961": {
        "month": 11,
        "day": 15,
        "year": null,
		"name": "milalisa.xyz"
    },
    "1357726505370779819": {
        "month": 5,
        "day": 10,
        "year": null,
        "name": "paxsh0powner"
    },
    "1263857476579758160": {
        "month": 9,
        "day": 4,
        "year": null,
        "name": "alfie.__"
    },
    "1394906675697160340": {
        "month": 12,
        "day": 31,
        "year": null,
        "name": "_social.xyz"
    }
}